confidence;value;metric
0.2;1.0;recall
0.2;0.254;accuracy
0.2;0.254;precision
0.2;0.405103668261563;f1
0.2;0.03028833617017963;earliness
0.25;1.0;recall
0.25;0.254;accuracy
0.25;0.254;precision
0.25;0.405103668261563;f1
0.25;0.03028833617017963;earliness
0.3;0.14566929133858267;recall
0.3;0.742979171542242;accuracy
0.3;0.36633663366336633;precision
0.3;0.008352144469525959;f1
0.3;0.02496505500396265;earliness
0.35;0.0;recall
0.35;0.0;accuracy
0.35;0.0;precision
0.35;0.0;f1
0.35;0.0;earliness
